workload,backend,model,topology,gpus,data_parallel_size,tensor_parallel_size,pipeline_parallel_size,per_rank_batch_size,global_batch_size,pipeline_microbatches,pipeline_microbatch_size,repeats,successful_repeats,status,throughput_unit,throughput_median,throughput_min,throughput_max,memory_metric,peak_memory_gib_median,peak_memory_gib_min,peak_memory_gib_max,notes
vision_evaluation,pytorch,SEW-ResNet34,dp4,4,4,1,1,16,64,1,16,3,3,completed,images/s,1758.5422797727365,1678.7680758185122,1791.6943575590053,cuda_peak_allocated,0.469998836517334,0.469998836517334,0.469998836517334,"five warmup and ten measured batches; exit statuses: 0,0,0"
vision_evaluation,pytorch,SEW-ResNet34,dp4,4,4,1,1,32,128,1,32,3,3,completed,images/s,3210.460796947834,3032.2299881004365,3250.0027021764895,cuda_peak_allocated,0.8552212715148926,0.8552212715148926,0.8552212715148926,"five warmup and ten measured batches; exit statuses: 0,0,0"
vision_evaluation,pytorch,SEW-ResNet34,dp4,4,4,1,1,64,256,1,64,3,3,completed,images/s,3437.1234858635517,3241.9787558572134,3506.0731412425994,cuda_peak_allocated,1.610529899597168,1.610529899597168,1.610529899597168,"five warmup and ten measured batches; exit statuses: 0,0,0"
vision_evaluation,pytorch,SEW-ResNet34,dp4,4,4,1,1,96,384,1,96,3,3,completed,images/s,3424.2637678509545,3381.014233273023,3454.296530975182,cuda_peak_allocated,2.3749947547912598,2.3749947547912598,2.3749947547912598,"five warmup and ten measured batches; exit statuses: 0,0,0"
vision_evaluation,pytorch,SEW-ResNet34,dp4,4,4,1,1,128,512,1,128,3,3,completed,images/s,3368.9238963317357,3338.577125683189,3380.213297411768,cuda_peak_allocated,3.129448890686035,3.129448890686035,3.129448890686035,"five warmup and ten measured batches; exit statuses: 0,0,0"
vision_evaluation,pytorch,SEW-ResNet34,dp4,4,4,1,1,192,768,1,192,3,3,completed,images/s,3175.507061730849,3174.003285912846,3188.0843784605886,cuda_peak_allocated,4.649344444274902,4.649344444274902,4.649344444274902,"five warmup and ten measured batches; exit statuses: 0,0,0"
vision_evaluation,pytorch,SEW-ResNet34,dp4,4,4,1,1,256,1024,1,256,3,3,completed,images/s,3144.7125710823943,3120.9528461490054,3145.3138721261626,cuda_peak_allocated,6.1687517166137695,6.1687517166137695,6.1687517166137695,"five warmup and ten measured batches; exit statuses: 0,0,0"
vision_evaluation,pytorch,SEW-ResNet34,dp4,4,4,1,1,384,1536,1,384,3,3,completed,images/s,3030.0906847083506,3021.6760976823275,3033.476340917404,cuda_peak_allocated,9.206589698791504,9.206589698791504,9.206589698791504,"five warmup and ten measured batches; exit statuses: 0,0,0"
vision_evaluation,pytorch,SEW-ResNet34,dp4,4,4,1,1,512,2048,1,512,3,3,completed,images/s,3001.3596689101214,2999.6244651094576,3004.775142463806,cuda_peak_allocated,12.245404243469238,12.245404243469238,12.245404243469238,"five warmup and ten measured batches; exit statuses: 0,0,0"
vision_evaluation,pytorch,SEW-ResNet34,dp4,4,4,1,1,768,3072,1,768,3,1,unstable,images/s,,,,cuda_peak_allocated,,,,"five warmup and ten measured batches; exit statuses: 0,1,1"
vision_evaluation,pytorch,SEW-ResNet34,dp4,4,4,1,1,1024,4096,1,1024,1,0,cuda_oom,images/s,,,,cuda_peak_allocated,,,,five warmup and ten measured batches; exit statuses: 1
vision_evaluation,pytorch,SEW-ResNet34,fsdp4,4,4,1,1,16,64,1,16,3,3,completed,images/s,793.7021254451419,786.9003555607475,795.1504480535642,cuda_peak_allocated,0.4279665946960449,0.4279665946960449,0.4279665946960449,"five warmup and ten measured batches; exit statuses: 0,0,0"
vision_evaluation,pytorch,SEW-ResNet34,fsdp4,4,4,1,1,32,128,1,32,3,3,completed,images/s,1523.2765868584243,1340.8799786206846,1524.8437443971773,cuda_peak_allocated,0.8321099281311035,0.8321099281311035,0.8321099281311035,"five warmup and ten measured batches; exit statuses: 0,0,0"
vision_evaluation,pytorch,SEW-ResNet34,fsdp4,4,4,1,1,64,256,1,64,3,3,completed,images/s,2871.4075599956595,2678.1232367588714,2934.5113847610314,cuda_peak_allocated,1.622818946838379,1.622818946838379,1.622818946838379,"five warmup and ten measured batches; exit statuses: 0,0,0"
vision_evaluation,pytorch,SEW-ResNet34,fsdp4,4,4,1,1,96,384,1,96,3,3,completed,images/s,3148.0850672080355,3104.4048546756426,3168.6886147671603,cuda_peak_allocated,2.4250645637512207,2.4250645637512207,2.4250645637512207,"five warmup and ten measured batches; exit statuses: 0,0,0"
vision_evaluation,pytorch,SEW-ResNet34,fsdp4,4,4,1,1,128,512,1,128,3,3,completed,images/s,3109.346445150168,2961.8501118649997,3130.7369978664174,cuda_peak_allocated,3.214003562927246,3.214003562927246,3.214003562927246,"five warmup and ten measured batches; exit statuses: 0,0,0"
vision_evaluation,pytorch,SEW-ResNet34,fsdp4,4,4,1,1,192,768,1,192,3,3,completed,images/s,3038.116948280363,3028.0725942044437,3112.5730181129215,cuda_peak_allocated,4.805127143859863,4.805127143859863,4.805127143859863,"five warmup and ten measured batches; exit statuses: 0,0,0"
vision_evaluation,pytorch,SEW-ResNet34,fsdp4,4,4,1,1,256,1024,1,256,3,3,completed,images/s,2918.5092970008436,2909.9621031293,3047.0971981745656,cuda_peak_allocated,6.3958845138549805,6.3958845138549805,6.3958845138549805,"five warmup and ten measured batches; exit statuses: 0,0,0"
vision_evaluation,pytorch,SEW-ResNet34,fsdp4,4,4,1,1,384,1536,1,384,3,3,completed,images/s,2844.365779085335,2803.2507008071334,2940.8162864353594,cuda_peak_allocated,9.578253746032715,9.578253746032715,9.578253746032715,"five warmup and ten measured batches; exit statuses: 0,0,0"
vision_evaluation,pytorch,SEW-ResNet34,fsdp4,4,4,1,1,512,2048,1,512,3,3,completed,images/s,2804.4971129457617,2789.2237962930253,2806.313433947569,cuda_peak_allocated,12.75964641571045,12.75964641571045,12.75964641571045,"five warmup and ten measured batches; exit statuses: 0,0,0"
vision_evaluation,pytorch,SEW-ResNet34,fsdp4,4,4,1,1,768,3072,1,768,3,1,unstable,images/s,,,,cuda_peak_allocated,,,,"five warmup and ten measured batches; exit statuses: 0,1,1"
vision_evaluation,pytorch,SEW-ResNet34,fsdp4,4,4,1,1,1024,4096,1,1024,1,0,cuda_oom,images/s,,,,cuda_peak_allocated,,,,five warmup and ten measured batches; exit statuses: 1
vision_evaluation,pytorch,SEW-ResNet34,pp4,4,1,1,4,16,16,4,4,3,3,completed,images/s,376.01653021525505,353.57549924252766,377.04855207337374,cuda_peak_allocated,0.10736227035522461,0.10736227035522461,0.10736227035522461,"five warmup and ten measured batches; exit statuses: 0,0,0"
vision_evaluation,pytorch,SEW-ResNet34,pp4,4,1,1,4,32,32,4,8,3,3,completed,images/s,775.456003378739,737.5132806633226,786.2179206916633,cuda_peak_allocated,0.2148756980895996,0.2148756980895996,0.2148756980895996,"five warmup and ten measured batches; exit statuses: 0,0,0"
vision_evaluation,pytorch,SEW-ResNet34,pp4,4,1,1,4,64,64,4,16,3,3,completed,images/s,1273.9461570194642,1214.9629171824051,1360.2003598303647,cuda_peak_allocated,0.4212965965270996,0.4212965965270996,0.4212965965270996,"five warmup and ten measured batches; exit statuses: 0,0,0"
vision_evaluation,pytorch,SEW-ResNet34,pp4,4,1,1,4,96,96,4,24,3,3,completed,images/s,1287.169347102777,1223.374282044257,1312.569111644831,cuda_peak_allocated,0.6306471824645996,0.6306471824645996,0.6306471824645996,"five warmup and ten measured batches; exit statuses: 0,0,0"
vision_evaluation,pytorch,SEW-ResNet34,pp4,4,1,1,4,128,128,4,32,3,3,completed,images/s,1320.9397879996982,1180.747412480246,1335.6266988554635,cuda_peak_allocated,0.8399977684020996,0.8399977684020996,0.8399977684020996,"five warmup and ten measured batches; exit statuses: 0,0,0"
vision_evaluation,pytorch,SEW-ResNet34,pp4,4,1,1,4,192,192,4,48,3,3,completed,images/s,1286.3848399156004,1256.8079702188963,1370.6090805494953,cuda_peak_allocated,1.2586989402770996,1.2586989402770996,1.2586989402770996,"five warmup and ten measured batches; exit statuses: 0,0,0"
vision_evaluation,pytorch,SEW-ResNet34,pp4,4,1,1,4,256,256,4,64,3,3,completed,images/s,1284.7354722980806,1244.6562821454131,1310.9252321301522,cuda_peak_allocated,1.6774001121520996,1.6774001121520996,1.6774001121520996,"five warmup and ten measured batches; exit statuses: 0,0,0"
vision_evaluation,pytorch,SEW-ResNet34,pp4,4,1,1,4,384,384,4,96,3,3,completed,images/s,1131.4784539571435,1119.034211494265,1207.012047542679,cuda_peak_allocated,2.5148024559020996,2.5148024559020996,2.5148024559020996,"five warmup and ten measured batches; exit statuses: 0,0,0"
vision_evaluation,pytorch,SEW-ResNet34,pp4,4,1,1,4,512,512,4,128,3,3,completed,images/s,1171.8490243157114,1109.8729613455307,1171.9755231798604,cuda_peak_allocated,3.3522047996520996,3.3522047996520996,3.3522047996520996,"five warmup and ten measured batches; exit statuses: 0,0,0"
vision_evaluation,pytorch,SEW-ResNet34,pp4,4,1,1,4,768,768,4,192,3,3,completed,images/s,1041.9751282645973,1014.7034035198955,1051.4072700196975,cuda_peak_allocated,5.0270094871521,5.0270094871521,5.0270094871521,"five warmup and ten measured batches; exit statuses: 0,0,0"
vision_evaluation,pytorch,SEW-ResNet34,pp4,4,1,1,4,1024,1024,4,256,3,3,completed,images/s,994.7232012812595,989.2529906071153,1011.6213915343297,cuda_peak_allocated,6.7018141746521,6.7018141746521,6.7018141746521,"five warmup and ten measured batches; exit statuses: 0,0,0"
vision_evaluation,pytorch,SEW-ResNet34,pp4,4,1,1,4,1536,1536,4,384,3,3,completed,images/s,984.8662464253325,955.7535397790544,1019.1359104372272,cuda_peak_allocated,10.051424026489258,10.051424026489258,10.051424026489258,"five warmup and ten measured batches; exit statuses: 0,0,0"
vision_evaluation,pytorch,SEW-ResNet34,pp4,4,1,1,4,2048,2048,4,512,3,3,completed,images/s,948.3173688022185,945.5592579784454,981.28199951838,cuda_peak_allocated,13.401033401489258,13.401033401489258,13.401033401489258,"five warmup and ten measured batches; exit statuses: 0,0,0"
vision_evaluation,pytorch,SEW-ResNet34,pp4,4,1,1,4,3072,3072,4,768,3,3,completed,images/s,781.592386051758,767.5350472812338,806.8581175316368,cuda_peak_allocated,20.100252151489258,20.100252151489258,20.100252151489258,"five warmup and ten measured batches; exit statuses: 0,0,0"
vision_evaluation,pytorch,SEW-ResNet34,pp4,4,1,1,4,4096,4096,4,1024,1,0,cuda_oom,images/s,,,,cuda_peak_allocated,,,,five warmup and ten measured batches; exit statuses: 1
vision_evaluation,pytorch,SEW-ResNet34,serial,1,1,1,1,16,16,1,16,3,3,completed,images/s,537.6516359405492,449.927015520767,556.0719657634177,cuda_peak_allocated,0.469998836517334,0.469998836517334,0.469998836517334,"five warmup and ten measured batches; exit statuses: 0,0,0"
vision_evaluation,pytorch,SEW-ResNet34,serial,1,1,1,1,32,32,1,32,3,3,completed,images/s,837.5773435924045,798.9170092456328,854.8575897919792,cuda_peak_allocated,0.8552212715148926,0.8552212715148926,0.8552212715148926,"five warmup and ten measured batches; exit statuses: 0,0,0"
vision_evaluation,pytorch,SEW-ResNet34,serial,1,1,1,1,64,64,1,64,3,3,completed,images/s,899.8259784063586,864.8820606025361,909.5133611177134,cuda_peak_allocated,1.610529899597168,1.610529899597168,1.610529899597168,"five warmup and ten measured batches; exit statuses: 0,0,0"
vision_evaluation,pytorch,SEW-ResNet34,serial,1,1,1,1,96,96,1,96,3,3,completed,images/s,872.9191973499367,869.1083976705532,884.6276568691239,cuda_peak_allocated,2.3749947547912598,2.3749947547912598,2.3749947547912598,"five warmup and ten measured batches; exit statuses: 0,0,0"
vision_evaluation,pytorch,SEW-ResNet34,serial,1,1,1,1,128,128,1,128,3,3,completed,images/s,845.7483632330794,840.29238249884,851.8012582400252,cuda_peak_allocated,3.129448890686035,3.129448890686035,3.129448890686035,"five warmup and ten measured batches; exit statuses: 0,0,0"
vision_evaluation,pytorch,SEW-ResNet34,serial,1,1,1,1,192,192,1,192,3,3,completed,images/s,806.8486592120839,806.8223064315542,807.9683003623738,cuda_peak_allocated,4.649344444274902,4.649344444274902,4.649344444274902,"five warmup and ten measured batches; exit statuses: 0,0,0"
vision_evaluation,pytorch,SEW-ResNet34,serial,1,1,1,1,256,256,1,256,3,3,completed,images/s,794.0237079721622,790.0560736220875,795.6792851925977,cuda_peak_allocated,6.1687517166137695,6.1687517166137695,6.1687517166137695,"five warmup and ten measured batches; exit statuses: 0,0,0"
vision_evaluation,pytorch,SEW-ResNet34,serial,1,1,1,1,384,384,1,384,3,3,completed,images/s,764.4309457956963,764.1625568621929,764.8418733035636,cuda_peak_allocated,9.206589698791504,9.206589698791504,9.206589698791504,"five warmup and ten measured batches; exit statuses: 0,0,0"
vision_evaluation,pytorch,SEW-ResNet34,serial,1,1,1,1,512,512,1,512,3,3,completed,images/s,751.4043225654437,751.3818701842965,751.9593805082101,cuda_peak_allocated,12.245404243469238,12.245404243469238,12.245404243469238,"five warmup and ten measured batches; exit statuses: 0,0,0"
vision_evaluation,pytorch,SEW-ResNet34,serial,1,1,1,1,768,768,1,768,3,1,unstable,images/s,,,,cuda_peak_allocated,,,,"five warmup and ten measured batches; exit statuses: 0,1,1"
vision_evaluation,pytorch,SEW-ResNet34,serial,1,1,1,1,1024,1024,1,1024,1,0,cuda_oom,images/s,,,,cuda_peak_allocated,,,,five warmup and ten measured batches; exit statuses: 1
vision_evaluation,pytorch,SEW-ResNet34,tp4,4,1,4,1,16,16,1,16,3,3,completed,images/s,385.1081201745899,371.6683204230035,407.8307379591497,cuda_peak_allocated,0.4101557731628418,0.4101557731628418,0.4101557731628418,"five warmup and ten measured batches; exit statuses: 0,0,0"
vision_evaluation,pytorch,SEW-ResNet34,tp4,4,1,4,1,32,32,1,32,3,3,completed,images/s,498.8434752681394,482.3921910948039,506.8716141426447,cuda_peak_allocated,0.7953782081604004,0.7953782081604004,0.7953782081604004,"five warmup and ten measured batches; exit statuses: 0,0,0"
vision_evaluation,pytorch,SEW-ResNet34,tp4,4,1,4,1,64,64,1,64,3,3,completed,images/s,532.6126208351608,525.0698104883317,535.7293798374424,cuda_peak_allocated,1.5506868362426758,1.5506868362426758,1.5506868362426758,"five warmup and ten measured batches; exit statuses: 0,0,0"
vision_evaluation,pytorch,SEW-ResNet34,tp4,4,1,4,1,96,96,1,96,3,3,completed,images/s,534.160900089486,533.4111009172307,541.2090998217445,cuda_peak_allocated,2.3151516914367676,2.3151516914367676,2.3151516914367676,"five warmup and ten measured batches; exit statuses: 0,0,0"
vision_evaluation,pytorch,SEW-ResNet34,tp4,4,1,4,1,128,128,1,128,3,3,completed,images/s,548.3302464892809,531.964128079012,557.5050086267904,cuda_peak_allocated,3.069605827331543,3.069605827331543,3.069605827331543,"five warmup and ten measured batches; exit statuses: 0,0,0"
vision_evaluation,pytorch,SEW-ResNet34,tp4,4,1,4,1,192,192,1,192,3,3,completed,images/s,531.9432380825807,524.3635138081083,536.8389164005825,cuda_peak_allocated,4.58950138092041,4.58950138092041,4.58950138092041,"five warmup and ten measured batches; exit statuses: 0,0,0"
vision_evaluation,pytorch,SEW-ResNet34,tp4,4,1,4,1,256,256,1,256,3,3,completed,images/s,531.7438379148252,529.6566181018205,534.7022665473373,cuda_peak_allocated,6.107932090759277,6.107932090759277,6.107932090759277,"five warmup and ten measured batches; exit statuses: 0,0,0"
vision_evaluation,pytorch,SEW-ResNet34,tp4,4,1,4,1,384,384,1,384,3,3,completed,images/s,528.5737142167023,527.0170631632121,539.400556771108,cuda_peak_allocated,9.146746635437012,9.146746635437012,9.146746635437012,"five warmup and ten measured batches; exit statuses: 0,0,0"
vision_evaluation,pytorch,SEW-ResNet34,tp4,4,1,4,1,512,512,1,512,3,3,completed,images/s,522.0676320854537,519.5610095804151,532.9377250019406,cuda_peak_allocated,12.185561180114746,12.185561180114746,12.185561180114746,"five warmup and ten measured batches; exit statuses: 0,0,0"
vision_evaluation,pytorch,SEW-ResNet34,tp4,4,1,4,1,768,768,1,768,3,1,unstable,images/s,,,,cuda_peak_allocated,,,,"five warmup and ten measured batches; exit statuses: 0,1,1"
vision_evaluation,pytorch,SEW-ResNet34,tp4,4,1,4,1,1024,1024,1,1024,1,0,cuda_oom,images/s,,,,cuda_peak_allocated,,,,five warmup and ten measured batches; exit statuses: 1
vision_evaluation,pytorch,Spikformer-S,dp4,4,4,1,1,16,64,1,16,3,3,completed,images/s,1886.4404683608363,1611.5404192423368,1914.512892058005,cuda_peak_allocated,0.7483797073364258,0.7483797073364258,0.7483797073364258,"five warmup and ten measured batches; exit statuses: 0,0,0"
vision_evaluation,pytorch,Spikformer-S,dp4,4,4,1,1,32,128,1,32,3,3,completed,images/s,2374.027606364985,2349.145580531621,2445.798414336098,cuda_peak_allocated,1.4397544860839844,1.4397544860839844,1.4397544860839844,"five warmup and ten measured batches; exit statuses: 0,0,0"
vision_evaluation,pytorch,Spikformer-S,dp4,4,4,1,1,64,256,1,64,3,3,completed,images/s,2320.832172998471,2260.0853966219597,2370.9316247922175,cuda_peak_allocated,2.8220162391662598,2.8220162391662598,2.8220162391662598,"five warmup and ten measured batches; exit statuses: 0,0,0"
vision_evaluation,pytorch,Spikformer-S,dp4,4,4,1,1,96,384,1,96,3,3,completed,images/s,2155.290974024306,2152.3945514084935,2179.4891556521984,cuda_peak_allocated,4.203668594360352,4.203668594360352,4.203668594360352,"five warmup and ten measured batches; exit statuses: 0,0,0"
vision_evaluation,pytorch,Spikformer-S,dp4,4,4,1,1,128,512,1,128,3,3,completed,images/s,2060.423739562759,2048.1410253353397,2061.2088652524476,cuda_peak_allocated,5.585075855255127,5.585075855255127,5.585075855255127,"five warmup and ten measured batches; exit statuses: 0,0,0"
vision_evaluation,pytorch,Spikformer-S,dp4,4,4,1,1,192,768,1,192,3,3,completed,images/s,2009.2360204292752,1995.871401765761,2012.829261852007,cuda_peak_allocated,8.349111557006836,8.349111557006836,8.349111557006836,"five warmup and ten measured batches; exit statuses: 0,0,0"
vision_evaluation,pytorch,Spikformer-S,dp4,4,4,1,1,256,1024,1,256,3,3,completed,images/s,1982.8487109538567,1975.7546133646488,2019.7222778427301,cuda_peak_allocated,11.112659454345703,11.112659454345703,11.112659454345703,"five warmup and ten measured batches; exit statuses: 0,0,0"
vision_evaluation,pytorch,Spikformer-S,dp4,4,4,1,1,384,1536,1,384,3,3,completed,images/s,1912.6220729757047,1911.519557018993,1915.6977570004308,cuda_peak_allocated,16.638778686523438,16.638778686523438,16.638778686523438,"five warmup and ten measured batches; exit statuses: 0,0,0"
vision_evaluation,pytorch,Spikformer-S,dp4,4,4,1,1,512,2048,1,512,1,0,cuda_oom,images/s,,,,cuda_peak_allocated,,,,five warmup and ten measured batches; exit statuses: 1
vision_evaluation,pytorch,Spikformer-S,fsdp4,4,4,1,1,16,64,1,16,3,3,completed,images/s,938.3673236817314,930.7464934102646,939.758154515359,cuda_peak_allocated,0.7346267700195312,0.7346267700195312,0.7346267700195312,"five warmup and ten measured batches; exit statuses: 0,0,0"
vision_evaluation,pytorch,Spikformer-S,fsdp4,4,4,1,1,32,128,1,32,3,3,completed,images/s,1843.7461911004464,1811.4628962758147,1970.0678121310682,cuda_peak_allocated,1.4437780380249023,1.4437780380249023,1.4437780380249023,"five warmup and ten measured batches; exit statuses: 0,0,0"
vision_evaluation,pytorch,Spikformer-S,fsdp4,4,4,1,1,64,256,1,64,3,3,completed,images/s,2184.044331708365,2179.120334934614,2232.3184458995192,cuda_peak_allocated,2.8622336387634277,2.8622336387634277,2.8622336387634277,"five warmup and ten measured batches; exit statuses: 0,0,0"
vision_evaluation,pytorch,Spikformer-S,fsdp4,4,4,1,1,96,384,1,96,3,3,completed,images/s,2083.507467696899,2073.977729317528,2088.528931784122,cuda_peak_allocated,4.279454231262207,4.279454231262207,4.279454231262207,"five warmup and ten measured batches; exit statuses: 0,0,0"
vision_evaluation,pytorch,Spikformer-S,fsdp4,4,4,1,1,128,512,1,128,3,3,completed,images/s,2000.2425905234259,1914.5960176099597,2007.4300698581635,cuda_peak_allocated,5.697558879852295,5.697558879852295,5.697558879852295,"five warmup and ten measured batches; exit statuses: 0,0,0"
vision_evaluation,pytorch,Spikformer-S,fsdp4,4,4,1,1,192,768,1,192,3,3,completed,images/s,1944.6533244573357,1919.995651254967,1967.1382492998857,cuda_peak_allocated,8.532625198364258,8.532625198364258,8.532625198364258,"five warmup and ten measured batches; exit statuses: 0,0,0"
vision_evaluation,pytorch,Spikformer-S,fsdp4,4,4,1,1,256,1024,1,256,3,3,completed,images/s,1892.336343382663,1884.3746360101952,1905.4283231410996,cuda_peak_allocated,11.3685302734375,11.3685302734375,11.3685302734375,"five warmup and ten measured batches; exit statuses: 0,0,0"
vision_evaluation,pytorch,Spikformer-S,fsdp4,4,4,1,1,384,1536,1,384,1,0,cuda_oom,images/s,,,,cuda_peak_allocated,,,,five warmup and ten measured batches; exit statuses: 1
vision_evaluation,pytorch,Spikformer-S,pp4,4,1,1,4,16,16,4,4,3,3,completed,images/s,368.7764482987453,361.1232193084462,384.47465520193606,cuda_peak_allocated,0.1956472396850586,0.1956472396850586,0.1956472396850586,"five warmup and ten measured batches; exit statuses: 0,0,0"
vision_evaluation,pytorch,Spikformer-S,pp4,4,1,1,4,32,32,4,8,3,3,completed,images/s,775.7239041963028,742.2206040902594,790.8348222745857,cuda_peak_allocated,0.3786611557006836,0.3786611557006836,0.3786611557006836,"five warmup and ten measured batches; exit statuses: 0,0,0"
vision_evaluation,pytorch,Spikformer-S,pp4,4,1,1,4,64,64,4,16,3,3,completed,images/s,1058.7321779137171,1022.7544465749014,1104.4815331338755,cuda_peak_allocated,0.7390584945678711,0.7390584945678711,0.7390584945678711,"five warmup and ten measured batches; exit statuses: 0,0,0"
vision_evaluation,pytorch,Spikformer-S,pp4,4,1,1,4,96,96,4,24,3,3,completed,images/s,1114.311067029162,1110.6774009692317,1147.7590449089778,cuda_peak_allocated,1.102431297302246,1.102431297302246,1.102431297302246,"five warmup and ten measured batches; exit statuses: 0,0,0"
vision_evaluation,pytorch,Spikformer-S,pp4,4,1,1,4,128,128,4,32,3,3,completed,images/s,1088.453580281805,1084.6356879223545,1161.1137780134686,cuda_peak_allocated,1.465804100036621,1.465804100036621,1.465804100036621,"five warmup and ten measured batches; exit statuses: 0,0,0"
vision_evaluation,pytorch,Spikformer-S,pp4,4,1,1,4,192,192,4,48,3,3,completed,images/s,1021.6496129833347,1014.3284161109295,1043.9496582495192,cuda_peak_allocated,2.192549705505371,2.192549705505371,2.192549705505371,"five warmup and ten measured batches; exit statuses: 0,0,0"
vision_evaluation,pytorch,Spikformer-S,pp4,4,1,1,4,256,256,4,64,3,3,completed,images/s,1048.3634606890244,1018.2277420358812,1067.9254746946233,cuda_peak_allocated,2.919295310974121,2.919295310974121,2.919295310974121,"five warmup and ten measured batches; exit statuses: 0,0,0"
vision_evaluation,pytorch,Spikformer-S,pp4,4,1,1,4,384,384,4,96,3,3,completed,images/s,986.2323735166676,980.6164098946616,996.0060116087645,cuda_peak_allocated,4.372786521911621,4.372786521911621,4.372786521911621,"five warmup and ten measured batches; exit statuses: 0,0,0"
vision_evaluation,pytorch,Spikformer-S,pp4,4,1,1,4,512,512,4,128,3,3,completed,images/s,944.168069263378,919.1701305056035,944.6874980754183,cuda_peak_allocated,5.826277732849121,5.826277732849121,5.826277732849121,"five warmup and ten measured batches; exit statuses: 0,0,0"
vision_evaluation,pytorch,Spikformer-S,pp4,4,1,1,4,768,768,4,192,3,3,completed,images/s,927.7336221692137,881.5805400051364,946.5611152994709,cuda_peak_allocated,8.733260154724121,8.733260154724121,8.733260154724121,"five warmup and ten measured batches; exit statuses: 0,0,0"
vision_evaluation,pytorch,Spikformer-S,pp4,4,1,1,4,1024,1024,4,256,3,3,completed,images/s,904.6726235512068,893.9487877296092,909.3131772952743,cuda_peak_allocated,11.640242576599121,11.640242576599121,11.640242576599121,"five warmup and ten measured batches; exit statuses: 0,0,0"
vision_evaluation,pytorch,Spikformer-S,pp4,4,1,1,4,1536,1536,4,384,3,3,completed,images/s,887.3740964624103,853.8696040199095,890.9769169875638,cuda_peak_allocated,17.454208374023438,17.454208374023438,17.454208374023438,"five warmup and ten measured batches; exit statuses: 0,0,0"
vision_evaluation,pytorch,Spikformer-S,pp4,4,1,1,4,2048,2048,4,512,1,0,cuda_oom,images/s,,,,cuda_peak_allocated,,,,five warmup and ten measured batches; exit statuses: 1
vision_evaluation,pytorch,Spikformer-S,serial,1,1,1,1,16,16,1,16,3,3,completed,images/s,473.38263222057844,455.569365275774,523.132306734088,cuda_peak_allocated,0.7483797073364258,0.7483797073364258,0.7483797073364258,"five warmup and ten measured batches; exit statuses: 0,0,0"
vision_evaluation,pytorch,Spikformer-S,serial,1,1,1,1,32,32,1,32,3,3,completed,images/s,629.5029658829366,608.9101596193226,640.1011436064065,cuda_peak_allocated,1.4397544860839844,1.4397544860839844,1.4397544860839844,"five warmup and ten measured batches; exit statuses: 0,0,0"
vision_evaluation,pytorch,Spikformer-S,serial,1,1,1,1,64,64,1,64,3,3,completed,images/s,602.0362824729209,593.3400322094222,609.66289345629,cuda_peak_allocated,2.8220162391662598,2.8220162391662598,2.8220162391662598,"five warmup and ten measured batches; exit statuses: 0,0,0"
vision_evaluation,pytorch,Spikformer-S,serial,1,1,1,1,96,96,1,96,3,3,completed,images/s,541.2189204821078,538.0912311667888,545.5183229843958,cuda_peak_allocated,4.203668594360352,4.203668594360352,4.203668594360352,"five warmup and ten measured batches; exit statuses: 0,0,0"
vision_evaluation,pytorch,Spikformer-S,serial,1,1,1,1,128,128,1,128,3,3,completed,images/s,516.6217668613398,514.2161920692438,520.5762001851448,cuda_peak_allocated,5.585075855255127,5.585075855255127,5.585075855255127,"five warmup and ten measured batches; exit statuses: 0,0,0"
vision_evaluation,pytorch,Spikformer-S,serial,1,1,1,1,192,192,1,192,3,3,completed,images/s,506.55679719244074,506.2142401409066,507.61893115574327,cuda_peak_allocated,8.349111557006836,8.349111557006836,8.349111557006836,"five warmup and ten measured batches; exit statuses: 0,0,0"
vision_evaluation,pytorch,Spikformer-S,serial,1,1,1,1,256,256,1,256,3,3,completed,images/s,497.2328055470811,491.1962433940178,499.5562111209713,cuda_peak_allocated,11.112659454345703,11.112659454345703,11.112659454345703,"five warmup and ten measured batches; exit statuses: 0,0,0"
vision_evaluation,pytorch,Spikformer-S,serial,1,1,1,1,384,384,1,384,1,0,cuda_oom,images/s,,,,cuda_peak_allocated,,,,five warmup and ten measured batches; exit statuses: 1
vision_evaluation,pytorch,Spikformer-S,tp4,4,1,4,1,16,16,1,16,3,3,completed,images/s,336.9702940418114,331.94514255216393,343.72825340028663,cuda_peak_allocated,0.4165019989013672,0.4165019989013672,0.4165019989013672,"five warmup and ten measured batches; exit statuses: 0,0,0"
vision_evaluation,pytorch,Spikformer-S,tp4,4,1,4,1,32,32,1,32,3,3,completed,images/s,392.0676037412389,375.26362981861394,392.0926583628204,cuda_peak_allocated,0.8063325881958008,0.8063325881958008,0.8063325881958008,"five warmup and ten measured batches; exit statuses: 0,0,0"
vision_evaluation,pytorch,Spikformer-S,tp4,4,1,4,1,64,64,1,64,3,3,completed,images/s,413.40381214541327,412.9050168562667,413.56510976014926,cuda_peak_allocated,1.5874590873718262,1.5874590873718262,1.5874590873718262,"five warmup and ten measured batches; exit statuses: 0,0,0"
vision_evaluation,pytorch,Spikformer-S,tp4,4,1,4,1,96,96,1,96,3,3,completed,images/s,409.21057892193454,407.60839777001047,414.344195517462,cuda_peak_allocated,2.367976188659668,2.367976188659668,2.367976188659668,"five warmup and ten measured batches; exit statuses: 0,0,0"
vision_evaluation,pytorch,Spikformer-S,tp4,4,1,4,1,128,128,1,128,3,3,completed,images/s,412.1759424074022,410.50945232212297,419.28181700609844,cuda_peak_allocated,3.1482481956481934,3.1482481956481934,3.1482481956481934,"five warmup and ten measured batches; exit statuses: 0,0,0"
vision_evaluation,pytorch,Spikformer-S,tp4,4,1,4,1,192,192,1,192,3,3,completed,images/s,412.9938902209072,403.9067084697358,417.1505419288147,cuda_peak_allocated,4.7100138664245605,4.7100138664245605,4.7100138664245605,"five warmup and ten measured batches; exit statuses: 0,0,0"
vision_evaluation,pytorch,Spikformer-S,tp4,4,1,4,1,256,256,1,256,3,3,completed,images/s,401.32340891763664,399.893896122063,407.3456325652579,cuda_peak_allocated,6.271291255950928,6.271291255950928,6.271291255950928,"five warmup and ten measured batches; exit statuses: 0,0,0"
vision_evaluation,pytorch,Spikformer-S,tp4,4,1,4,1,384,384,1,384,3,3,completed,images/s,390.72057756127856,389.36930504148273,392.39255043785556,cuda_peak_allocated,9.39286994934082,9.39286994934082,9.39286994934082,"five warmup and ten measured batches; exit statuses: 0,0,0"
vision_evaluation,pytorch,Spikformer-S,tp4,4,1,4,1,512,512,1,512,3,3,completed,images/s,380.5077292826803,379.8777645759545,385.5099792822936,cuda_peak_allocated,12.515424728393555,12.515424728393555,12.515424728393555,"five warmup and ten measured batches; exit statuses: 0,0,0"
vision_evaluation,pytorch,Spikformer-S,tp4,4,1,4,1,768,768,1,768,3,0,cuda_oom,images/s,,,,cuda_peak_allocated,,,,"five warmup and ten measured batches; exit statuses: 1,1,1"
vision_evaluation,pytorch,Spikformer-S,tp4,4,1,4,1,1024,1024,1,1024,1,0,cuda_oom,images/s,,,,cuda_peak_allocated,,,,five warmup and ten measured batches; exit statuses: 1
llm_evaluation,mcore,Qwen2.5-0.5B-qcfs,dp4,4,4,1,1,1,4,1,1,3,3,completed,semantic_tokens/s,1075.59527633524,1072.191301354329,1199.331718900474,cuda_peak_allocated,0.9572086334228516,0.9572086334228516,0.9572086334228516,BF16; T=2; sequence length 16; 128 samples; MCore micro batch 1; five warmups
llm_evaluation,mcore,Qwen2.5-0.5B-qcfs,dp4,4,4,1,1,4,16,1,4,3,3,completed,semantic_tokens/s,4547.116260431582,4066.2854989663792,4838.58266301226,cuda_peak_allocated,1.039628028869629,1.039628028869629,1.039628028869629,BF16; T=2; sequence length 16; 128 samples; MCore micro batch 4; five warmups
llm_evaluation,mcore,Qwen2.5-0.5B-qcfs,dp4,4,4,1,1,16,64,1,16,3,3,completed,semantic_tokens/s,17958.63060897064,14670.25286546569,18371.588180284612,cuda_peak_allocated,1.3649287223815918,1.3649287223815918,1.3649287223815918,BF16; T=2; sequence length 16; 128 samples; MCore micro batch 16; five warmups
llm_evaluation,mcore,Qwen2.5-0.5B-qcfs,dp4,4,4,1,1,32,128,1,32,3,3,completed,semantic_tokens/s,29072.104078248216,28201.67955002548,30567.88405467031,cuda_peak_allocated,1.8003349304199219,1.8003349304199219,1.8003349304199219,BF16; T=2; sequence length 16; 128 samples; MCore micro batch 32; five warmups
llm_evaluation,mcore,Qwen2.5-0.5B-qcfs,dp4,4,4,1,1,64,256,1,64,3,3,completed,semantic_tokens/s,50643.4868777872,47075.94177972837,56197.97156734715,cuda_peak_allocated,2.6711483001708984,2.6711483001708984,2.6711483001708984,BF16; T=2; sequence length 16; 256 samples; MCore micro batch 64; five warmups
llm_evaluation,mcore,Qwen2.5-0.5B-qcfs,dp4,4,4,1,1,128,512,1,128,3,3,completed,semantic_tokens/s,84791.69478767559,73897.88984108661,84836.50359835684,cuda_peak_allocated,4.410425186157227,4.410425186157227,4.410425186157227,BF16; T=2; sequence length 16; 512 samples; MCore micro batch 128; five warmups
llm_evaluation,mcore,Qwen2.5-0.5B-qcfs,dp4,4,4,1,1,256,1024,1,256,3,3,completed,semantic_tokens/s,97894.44390810074,97544.2726349113,98013.43075346349,cuda_peak_allocated,7.889192581176758,7.889192581176758,7.889192581176758,BF16; T=2; sequence length 16; 1024 samples; MCore micro batch 256; five warmups
llm_evaluation,mcore,Qwen2.5-0.5B-qcfs,dp4,4,4,1,1,384,1536,1,384,3,3,completed,semantic_tokens/s,91939.77988112983,91903.99900142352,91954.37893713069,cuda_peak_allocated,11.369760513305664,11.369760513305664,11.369760513305664,BF16; T=2; sequence length 16; 1536 samples; MCore micro batch 384; five warmups
llm_evaluation,mcore,Qwen2.5-0.5B-qcfs,dp4,4,4,1,1,512,2048,1,512,1,0,cuda_oom,semantic_tokens/s,,,,cuda_peak_allocated,,,,BF16; T=2; sequence length 16; capacity candidate; MCore micro batch 512; five warmups
llm_evaluation,mcore,Qwen2.5-0.5B-qcfs,dp4,4,4,1,1,576,2304,1,576,1,0,cuda_oom,semantic_tokens/s,,,,cuda_peak_allocated,,,,BF16; T=2; sequence length 16; capacity candidate; MCore micro batch 576; five warmups
llm_evaluation,mcore,Qwen2.5-0.5B-qcfs,dp4,4,4,1,1,768,3072,1,768,1,0,cuda_oom,semantic_tokens/s,,,,cuda_peak_allocated,,,,BF16; T=2; sequence length 16; capacity candidate; MCore micro batch 768; five warmups
llm_evaluation,mcore,Qwen2.5-0.5B-qcfs,pp2,2,1,1,2,16,16,4,4,3,3,completed,semantic_tokens/s,1823.5033953191223,1787.7417407367634,1867.221821663742,cuda_peak_allocated,0.7039279937744141,0.7039279937744141,0.7057590484619141,BF16; T=2; sequence length 16; 16 samples; MCore micro batch 4; five warmups
llm_evaluation,mcore,Qwen2.5-0.5B-qcfs,pp2,2,1,1,2,32,32,4,8,3,3,completed,semantic_tokens/s,3303.9248799457446,3146.2703014728613,3350.644644949396,cuda_peak_allocated,0.812870979309082,0.812870979309082,0.813817024230957,BF16; T=2; sequence length 16; 32 samples; MCore micro batch 8; five warmups
llm_evaluation,mcore,Qwen2.5-0.5B-qcfs,pp2,2,1,1,2,64,64,4,16,3,3,completed,semantic_tokens/s,6700.282417884352,6608.411492530525,6852.892520657061,cuda_peak_allocated,1.0307574272155762,1.0307574272155762,1.0317034721374512,BF16; T=2; sequence length 16; 64 samples; MCore micro batch 16; five warmups
llm_evaluation,mcore,Qwen2.5-0.5B-qcfs,pp2,2,1,1,2,96,96,4,24,3,3,completed,semantic_tokens/s,9578.877012527348,9175.067650083327,9587.532532239347,cuda_peak_allocated,1.2486438751220703,1.2486438751220703,1.2486438751220703,BF16; T=2; sequence length 16; 96 samples; MCore micro batch 24; five warmups
llm_evaluation,mcore,Qwen2.5-0.5B-qcfs,pp2,2,1,1,2,128,128,4,32,3,3,completed,semantic_tokens/s,11921.822424733598,11886.051941508487,11932.750785849337,cuda_peak_allocated,1.4665303230285645,1.4665303230285645,1.4684529304504395,BF16; T=2; sequence length 16; 128 samples; MCore micro batch 32; five warmups
llm_evaluation,mcore,Qwen2.5-0.5B-qcfs,pp2,2,1,1,2,192,192,4,48,3,3,completed,semantic_tokens/s,16202.127497002159,16126.386132579053,16344.566492907867,cuda_peak_allocated,1.9023032188415527,1.9023032188415527,1.9023032188415527,BF16; T=2; sequence length 16; 192 samples; MCore micro batch 48; five warmups
llm_evaluation,mcore,Qwen2.5-0.5B-qcfs,pp2,2,1,1,2,256,256,4,64,3,3,completed,semantic_tokens/s,19571.763795037186,18959.96325403123,19695.105222087146,cuda_peak_allocated,2.338076114654541,2.338076114654541,2.340487003326416,BF16; T=2; sequence length 16; 256 samples; MCore micro batch 64; five warmups
llm_evaluation,mcore,Qwen2.5-0.5B-qcfs,pp2,2,1,1,2,384,384,4,96,3,3,completed,semantic_tokens/s,24707.74150730835,24127.880402700855,24960.14049847533,cuda_peak_allocated,3.2096219062805176,3.2096219062805176,3.2096219062805176,BF16; T=2; sequence length 16; 384 samples; MCore micro batch 96; five warmups
llm_evaluation,mcore,Qwen2.5-0.5B-qcfs,pp2,2,1,1,2,512,512,4,128,3,3,completed,semantic_tokens/s,27057.12780259171,26809.15709624422,27480.71715780358,cuda_peak_allocated,4.081167697906494,4.081167697906494,4.083090305328369,BF16; T=2; sequence length 16; 512 samples; MCore micro batch 128; five warmups
llm_evaluation,mcore,Qwen2.5-0.5B-qcfs,pp2,2,1,1,2,768,768,4,192,3,3,completed,semantic_tokens/s,28879.34380072765,28875.94799236328,28995.151996174456,cuda_peak_allocated,5.824259281158447,5.824259281158447,5.824259281158447,BF16; T=2; sequence length 16; 768 samples; MCore micro batch 192; five warmups
llm_evaluation,mcore,Qwen2.5-0.5B-qcfs,pp2,2,1,1,2,1024,1024,4,256,3,3,completed,semantic_tokens/s,30217.92922983599,29985.956732971976,30376.404504335256,cuda_peak_allocated,7.5673508644104,7.5673508644104,7.568785190582275,BF16; T=2; sequence length 16; 1024 samples; MCore micro batch 256; five warmups
llm_evaluation,mcore,Qwen2.5-0.5B-qcfs,pp2,2,1,1,2,1536,1536,4,384,3,3,completed,semantic_tokens/s,29248.04530360365,29023.4933858283,29313.58540725164,cuda_peak_allocated,11.053533554077148,11.053533554077148,11.056432723999023,BF16; T=2; sequence length 16; 1536 samples; MCore micro batch 384; five warmups
llm_evaluation,mcore,Qwen2.5-0.5B-qcfs,pp2,2,1,1,2,2048,2048,4,512,3,3,completed,semantic_tokens/s,20436.946168816645,20409.85654363338,20454.447205127937,cuda_peak_allocated,14.539716720581055,14.539716720581055,14.539716720581055,BF16; T=2; sequence length 16; 2048 samples; MCore micro batch 512; five warmups
llm_evaluation,mcore,Qwen2.5-0.5B-qcfs,pp2,2,1,1,2,2304,2304,4,576,1,0,cuda_oom,semantic_tokens/s,,,,cuda_peak_allocated,,,,BF16; T=2; sequence length 16; capacity candidate; MCore micro batch 576; five warmups
llm_evaluation,mcore,Qwen2.5-0.5B-qcfs,pp4,4,1,1,4,16,16,4,4,3,3,completed,semantic_tokens/s,2203.6439266540137,2202.8437267296413,2523.9626491819463,cuda_peak_allocated,0.5371932983398438,0.5371932983398438,0.5371932983398438,BF16; T=2; sequence length 16; 16 samples; MCore micro batch 4; five warmups
llm_evaluation,mcore,Qwen2.5-0.5B-qcfs,pp4,4,1,1,4,32,32,4,8,3,3,completed,semantic_tokens/s,4606.732526460758,4472.286466447021,4617.355687453705,cuda_peak_allocated,0.6461362838745117,0.6461362838745117,0.6461362838745117,BF16; T=2; sequence length 16; 32 samples; MCore micro batch 8; five warmups
llm_evaluation,mcore,Qwen2.5-0.5B-qcfs,pp4,4,1,1,4,64,64,4,16,3,3,completed,semantic_tokens/s,8419.967032490391,8252.677575447666,8677.540875291726,cuda_peak_allocated,0.8640227317810059,0.8640227317810059,0.8640227317810059,BF16; T=2; sequence length 16; 64 samples; MCore micro batch 16; five warmups
llm_evaluation,mcore,Qwen2.5-0.5B-qcfs,pp4,4,1,1,4,96,96,4,24,3,3,completed,semantic_tokens/s,11940.943441802749,11768.291121517093,12104.278792268422,cuda_peak_allocated,1.0819091796875,1.0819091796875,1.0819091796875,BF16; T=2; sequence length 16; 96 samples; MCore micro batch 24; five warmups
llm_evaluation,mcore,Qwen2.5-0.5B-qcfs,pp4,4,1,1,4,128,128,4,32,3,3,completed,semantic_tokens/s,14268.421054095938,14065.452693963036,14794.735844783267,cuda_peak_allocated,1.2997956275939941,1.2997956275939941,1.2997956275939941,BF16; T=2; sequence length 16; 128 samples; MCore micro batch 32; five warmups
llm_evaluation,mcore,Qwen2.5-0.5B-qcfs,pp4,4,1,1,4,192,192,4,48,3,3,completed,semantic_tokens/s,19062.144785748034,18827.267655355365,20201.709986252816,cuda_peak_allocated,1.7355685234069824,1.7355685234069824,1.7355685234069824,BF16; T=2; sequence length 16; 192 samples; MCore micro batch 48; five warmups
llm_evaluation,mcore,Qwen2.5-0.5B-qcfs,pp4,4,1,1,4,256,256,4,64,3,3,completed,semantic_tokens/s,22981.45776054824,22877.574990545283,23219.239927665705,cuda_peak_allocated,2.1713414192199707,2.1713414192199707,2.1713414192199707,BF16; T=2; sequence length 16; 256 samples; MCore micro batch 64; five warmups
llm_evaluation,mcore,Qwen2.5-0.5B-qcfs,pp4,4,1,1,4,384,384,4,96,3,3,completed,semantic_tokens/s,28348.157267467643,26594.543795223548,28513.118638905904,cuda_peak_allocated,3.0428872108459473,3.0428872108459473,3.0428872108459473,BF16; T=2; sequence length 16; 384 samples; MCore micro batch 96; five warmups
llm_evaluation,mcore,Qwen2.5-0.5B-qcfs,pp4,4,1,1,4,512,512,4,128,3,3,completed,semantic_tokens/s,30541.03270808626,30428.218551281203,30754.13510150072,cuda_peak_allocated,3.914433002471924,3.914433002471924,3.914433002471924,BF16; T=2; sequence length 16; 512 samples; MCore micro batch 128; five warmups
llm_evaluation,mcore,Qwen2.5-0.5B-qcfs,pp4,4,1,1,4,768,768,4,192,3,3,completed,semantic_tokens/s,31893.33877393034,31798.717369163616,32012.879506833924,cuda_peak_allocated,5.657524585723877,5.657524585723877,5.657524585723877,BF16; T=2; sequence length 16; 768 samples; MCore micro batch 192; five warmups
llm_evaluation,mcore,Qwen2.5-0.5B-qcfs,pp4,4,1,1,4,1024,1024,4,256,3,3,completed,semantic_tokens/s,34317.23432845706,34201.807247807345,34329.15966902482,cuda_peak_allocated,7.40061616897583,7.40061616897583,7.40061616897583,BF16; T=2; sequence length 16; 1024 samples; MCore micro batch 256; five warmups
llm_evaluation,mcore,Qwen2.5-0.5B-qcfs,pp4,4,1,1,4,1536,1536,4,384,3,3,completed,semantic_tokens/s,33231.51460083716,33075.45961545635,33395.56391048573,cuda_peak_allocated,10.886798858642578,10.886798858642578,10.886798858642578,BF16; T=2; sequence length 16; 1536 samples; MCore micro batch 384; five warmups
llm_evaluation,mcore,Qwen2.5-0.5B-qcfs,pp4,4,1,1,4,2048,2048,4,512,3,3,completed,semantic_tokens/s,19275.254379407186,19081.446209702997,19325.869269566854,cuda_peak_allocated,14.372982025146484,14.372982025146484,14.372982025146484,BF16; T=2; sequence length 16; 2048 samples; MCore micro batch 512; five warmups
llm_evaluation,mcore,Qwen2.5-0.5B-qcfs,pp4,4,1,1,4,3072,3072,4,768,2,1,unstable,semantic_tokens/s,19350.028041422665,19350.028041422665,19350.028041422665,cuda_peak_allocated,21.345348358154297,21.345348358154297,21.345348358154297,BF16; T=2; sequence length 16; 3072 samples; MCore micro batch 768; one warmup
llm_evaluation,mcore,Qwen2.5-0.5B-qcfs,pp4,4,1,1,4,4096,4096,4,1024,1,0,cuda_oom,semantic_tokens/s,,,,cuda_peak_allocated,,,,BF16; T=2; sequence length 16; capacity candidate; MCore micro batch 1024; five warmups
llm_evaluation,mcore,Qwen2.5-0.5B-qcfs,tp1,1,1,1,1,1,1,1,1,3,3,completed,semantic_tokens/s,286.47853672452686,283.2204297980231,292.45205765251063,cuda_peak_allocated,0.9572544097900391,0.9572544097900391,0.9572544097900391,BF16; T=2; sequence length 16; 128 samples; MCore micro batch 1; five warmups
llm_evaluation,mcore,Qwen2.5-0.5B-qcfs,tp1,1,1,1,1,4,4,1,4,3,3,completed,semantic_tokens/s,1159.2776784039365,1137.414726944898,1163.0944467639563,cuda_peak_allocated,1.0396394729614258,1.0396394729614258,1.0396394729614258,BF16; T=2; sequence length 16; 128 samples; MCore micro batch 4; five warmups
llm_evaluation,mcore,Qwen2.5-0.5B-qcfs,tp1,1,1,1,1,16,16,1,16,3,3,completed,semantic_tokens/s,4636.209091383805,4545.978920442183,4661.491327436918,cuda_peak_allocated,1.364931583404541,1.364931583404541,1.364931583404541,BF16; T=2; sequence length 16; 128 samples; MCore micro batch 16; five warmups
llm_evaluation,mcore,Qwen2.5-0.5B-qcfs,tp1,1,1,1,1,64,64,1,64,3,3,completed,semantic_tokens/s,16045.625948440425,15709.766873468547,16276.699541491926,cuda_peak_allocated,2.6711487770080566,2.6711487770080566,2.6711487770080566,BF16; T=2; sequence length 16; 128 samples; MCore micro batch 64; five warmups
llm_evaluation,mcore,Qwen2.5-0.5B-qcfs,tp1,1,1,1,1,128,128,1,128,3,3,completed,semantic_tokens/s,21791.962309004735,21614.67838319905,21798.805905484867,cuda_peak_allocated,4.410425186157227,4.410425186157227,4.410425186157227,BF16; T=2; sequence length 16; 128 samples; MCore micro batch 128; five warmups
llm_evaluation,mcore,Qwen2.5-0.5B-qcfs,tp1,1,1,1,1,256,256,1,256,3,3,completed,semantic_tokens/s,24549.726117176,24534.221290400263,24887.085302836524,cuda_peak_allocated,7.889192581176758,7.889192581176758,7.889192581176758,BF16; T=2; sequence length 16; 256 samples; MCore micro batch 256; five warmups
llm_evaluation,mcore,Qwen2.5-0.5B-qcfs,tp1,1,1,1,1,384,384,1,384,3,3,completed,semantic_tokens/s,23145.773249183392,22832.23420894112,23164.415138784174,cuda_peak_allocated,11.368783950805664,11.368783950805664,11.368783950805664,BF16; T=2; sequence length 16; 384 samples; MCore micro batch 384; five warmups
llm_evaluation,mcore,Qwen2.5-0.5B-qcfs,tp1,1,1,1,1,512,512,1,512,1,0,cuda_oom,semantic_tokens/s,,,,cuda_peak_allocated,,,,BF16; T=2; sequence length 16; capacity candidate; MCore micro batch 512; five warmups
llm_evaluation,mcore,Qwen2.5-0.5B-qcfs,tp1,1,1,1,1,576,576,1,576,1,0,cuda_oom,semantic_tokens/s,,,,cuda_peak_allocated,,,,BF16; T=2; sequence length 16; capacity candidate; MCore micro batch 576; five warmups
llm_evaluation,mcore,Qwen2.5-0.5B-qcfs,tp1,1,1,1,1,768,768,1,768,1,0,cuda_oom,semantic_tokens/s,,,,cuda_peak_allocated,,,,BF16; T=2; sequence length 16; capacity candidate; MCore micro batch 768; five warmups
llm_evaluation,mcore,Qwen2.5-0.5B-qcfs,tp2,2,1,2,1,16,16,1,16,3,3,completed,semantic_tokens/s,3611.2304623692416,3278.446764670326,3665.6060973277035,cuda_peak_allocated,0.6857328414916992,0.6857328414916992,0.6857328414916992,BF16; T=2; sequence length 16; 16 samples; MCore micro batch 16; five warmups
llm_evaluation,mcore,Qwen2.5-0.5B-qcfs,tp2,2,1,2,1,32,32,1,32,3,3,completed,semantic_tokens/s,6966.506857783438,6413.195748705709,7848.749688309066,cuda_peak_allocated,0.9031982421875,0.9031982421875,0.9031982421875,BF16; T=2; sequence length 16; 32 samples; MCore micro batch 32; five warmups
llm_evaluation,mcore,Qwen2.5-0.5B-qcfs,tp2,2,1,2,1,64,64,1,64,3,3,completed,semantic_tokens/s,14609.77896078014,12772.793878677423,15197.366964472014,cuda_peak_allocated,1.3381290435791016,1.3381290435791016,1.3381290435791016,BF16; T=2; sequence length 16; 64 samples; MCore micro batch 64; five warmups
llm_evaluation,mcore,Qwen2.5-0.5B-qcfs,tp2,2,1,2,1,96,96,1,96,3,3,completed,semantic_tokens/s,18342.301865019523,18048.2628553049,18430.30716232436,cuda_peak_allocated,1.7730598449707031,1.7730598449707031,1.7730598449707031,BF16; T=2; sequence length 16; 96 samples; MCore micro batch 96; five warmups
llm_evaluation,mcore,Qwen2.5-0.5B-qcfs,tp2,2,1,2,1,128,128,1,128,3,3,completed,semantic_tokens/s,22783.75048553016,22327.354169215145,25927.25268954378,cuda_peak_allocated,2.2079906463623047,2.2079906463623047,2.2079906463623047,BF16; T=2; sequence length 16; 128 samples; MCore micro batch 128; five warmups
llm_evaluation,mcore,Qwen2.5-0.5B-qcfs,tp2,2,1,2,1,192,192,1,192,3,3,completed,semantic_tokens/s,29522.222129491216,29020.38631614176,30016.520453387442,cuda_peak_allocated,3.077852249145508,3.077852249145508,3.077852249145508,BF16; T=2; sequence length 16; 192 samples; MCore micro batch 192; five warmups
llm_evaluation,mcore,Qwen2.5-0.5B-qcfs,tp2,2,1,2,1,256,256,1,256,3,3,completed,semantic_tokens/s,29767.544005575826,29444.659188328995,29809.326106945893,cuda_peak_allocated,3.947713851928711,3.947713851928711,3.947713851928711,BF16; T=2; sequence length 16; 256 samples; MCore micro batch 256; five warmups
llm_evaluation,mcore,Qwen2.5-0.5B-qcfs,tp2,2,1,2,1,384,384,1,384,3,3,completed,semantic_tokens/s,28975.177335942935,28773.90964328999,28984.245349512297,cuda_peak_allocated,5.687437057495117,5.687437057495117,5.687437057495117,BF16; T=2; sequence length 16; 384 samples; MCore micro batch 384; five warmups
llm_evaluation,mcore,Qwen2.5-0.5B-qcfs,tp2,2,1,2,1,512,512,1,512,3,3,completed,semantic_tokens/s,28588.567766539618,28426.393245040003,28694.937952674496,cuda_peak_allocated,7.427160263061523,7.427160263061523,7.427160263061523,BF16; T=2; sequence length 16; 512 samples; MCore micro batch 512; five warmups
llm_evaluation,mcore,Qwen2.5-0.5B-qcfs,tp2,2,1,2,1,768,768,1,768,3,3,completed,semantic_tokens/s,27465.214288255054,27359.794280809234,27527.12144552136,cuda_peak_allocated,10.906606674194336,10.906606674194336,10.906606674194336,BF16; T=2; sequence length 16; 768 samples; MCore micro batch 768; five warmups
llm_evaluation,mcore,Qwen2.5-0.5B-qcfs,tp2,2,1,2,1,1024,1024,1,1024,3,3,completed,semantic_tokens/s,27233.762329518948,26886.090738117233,27247.435615349877,cuda_peak_allocated,14.386053085327148,14.386053085327148,14.386053085327148,BF16; T=2; sequence length 16; 1024 samples; MCore micro batch 1024; five warmups
llm_evaluation,mcore,Qwen2.5-0.5B-qcfs,tp2,2,1,2,1,1536,1536,1,1536,1,0,cuda_oom,semantic_tokens/s,,,,cuda_peak_allocated,,,,BF16; T=2; sequence length 16; capacity candidate; MCore micro batch 1536; five warmups
